cod,nome,nick_name,email,telefone,senha
1,Usuario 1,user1,user1@user.com,11111111111,usuario1111
2,Usuario 2,user2,user2@user.com,22222222222,usuario2222
3,Usuario 3,user3,user3@user.com,33333333333,usuario3333
4,Usuario 4,user4,user4@user.com,44444444444,usuario4444
5,Usuario 5,user5,user5@user.com,55555555555,usuario5555
6,Usuario 6,user6,user6@user.com,66666666666,usuario6666
7,Usuario 7,user7,user7@user.com,77777777777,usuario7777
8,Usuario 8,user8,user8@user.com,88888888888,usuario8888
9,Usuario 9,user9,user9@user.com,99999999999,usuario9999

CREATE TABLE Usuarios (
    cod INT PRIMARY KEY,
    nome VARCHAR(255),
    nick_name VARCHAR(255),
    email VARCHAR(255),
    telefone VARCHAR(11),
    senha VARCHAR(255)
);

INSERT INTO Usuarios (cod, nome, nick_name, email, telefone, senha) VALUES
(1, 'Usuario 1', 'user1', 'user1@user.com', '11111111111', 'usuario1111'),
(2, 'Usuario 2', 'user2', 'user2@user.com', '22222222222', 'usuario2222'),
(3, 'Usuario 3', 'user3', 'user3@user.com', '33333333333', 'usuario3333'),
(4, 'Usuario 4', 'user4', 'user4@user.com', '44444444444', 'usuario4444'),
(5, 'Usuario 5', 'user5', 'user5@user.com', '55555555555', 'usuario5555'),
(6, 'Usuario 6', 'user6', 'user6@user.com', '66666666666', 'usuario6666'),
(7, 'Usuario 7', 'user7', 'user7@user.com', '77777777777', 'usuario7777'),
(8, 'Usuario 8', 'user8', 'user8@user.com', '88888888888', 'usuario8888'),
(9, 'Usuario 9', 'user9', 'user9@user.com', '99999999999', 'usuario9999');
